<?xml version="1.0" encoding="UTF-8"?>
<project-private xmlns="http://www.netbeans.org/ns/project-private/1">
    <editor-bookmarks xmlns="http://www.netbeans.org/ns/editor-bookmarks/2" lastBookmarkId="0"/>
    <open-files xmlns="http://www.netbeans.org/ns/projectui-open-files/2">
        <group>
            <file>file:/E:/XAMPP/htdocs/BudgetPlanner/app/Config/core.php</file>
            <file>file:/E:/XAMPP/htdocs/BudgetPlanner/app/Controller/AppController.php</file>
            <file>file:/E:/XAMPP/htdocs/BudgetPlanner/lib/Cake/Core/App.php</file>
            <file>file:/E:/XAMPP/htdocs/BudgetPlanner/app/Controller/TypesController.php</file>
            <file>file:/E:/XAMPP/htdocs/BudgetPlanner/app/Model/Category.php</file>
            <file>file:/E:/XAMPP/htdocs/BudgetPlanner/app/Model/Expense.php</file>
            <file>file:/E:/XAMPP/htdocs/BudgetPlanner/app/Config/database.php</file>
            <file>file:/E:/XAMPP/htdocs/BudgetPlanner/app/Controller/UsersController.php</file>
            <file>file:/E:/XAMPP/htdocs/BudgetPlanner/app/Controller/CategoriesController.php</file>
            <file>file:/E:/XAMPP/htdocs/BudgetPlanner/app/Controller/ExpensesController.php</file>
            <file>file:/E:/XAMPP/htdocs/BudgetPlanner/app/Model/Transaction.php</file>
            <file>file:/E:/XAMPP/htdocs/BudgetPlanner/lib/Cake/Controller/Component/PaginatorComponent.php</file>
            <file>file:/E:/XAMPP/htdocs/BudgetPlanner/app/Model/Type.php</file>
            <file>file:/E:/XAMPP/htdocs/BudgetPlanner/app/Model/User.php</file>
        </group>
    </open-files>
</project-private>
